Region,Avg Impact Per Year - People,Avg Impact Per Year - Crops,Risk,Risk_Norm,Treatment
Gonja Central,365.6833333333333,1.0493333333333332,366.7326666666666,8.816119479728878,1
Ga South,276.3666666666666,0.16533333333333336,276.5319999999999,6.587574190494063,1
East Gonja,257.98333333333335,6.930666666666666,264.914,6.300533749141118,1
Accra Metropolis,156.45,0.0005,156.45049999999998,3.6207772582919713,1
Keta Municipal,140.96666666666667,0.20283333333333334,141.1695,3.2432368051748792,1
Ada West,128.53333333333333,1.5825,130.11583333333334,2.9701390810770687,1
Komenda Edna Eguafo / Abirem,113.46666666666668,0.0006666666666666666,113.46733333333334,2.55881245103192,1
Ketu South,63.3,0.8341666666666666,64.13416666666666,1.3399611914916805,1
Sene East,48.7,1.3731666666666666,50.07316666666667,0.9925627024347186,1
Ada East,41.63333333333333,0.5938333333333333,42.22716666666667,0.7987152843889943,1
Krachi Nchumuru,39.933333333333344,1.2846666666666666,41.21800000000001,0.7737822799649385,1
Kwahu Afram Plains North,37.25,2.690166666666667,39.94016666666667,0.7422114550402089,1
Krachi East,30.666666666666664,1.5915,32.25816666666667,0.5524159075730596,1
Jomoro,29.4,0.01983333333333333,29.419833333333333,0.48229054583207315,1
Kpandai,23.46666666666667,2.3025,25.76916666666667,0.3920952479122512,1
Ekumfi,23.833333333333336,0.105,23.938333333333336,0.3468617130487904,1
Kwahu Afram Plains South,20.05,1.3165,21.366500000000002,0.28332064099798804,1
Krachi West,19.45,0.7446666666666666,20.194666666666667,0.2543687080325813,1
West Mamprusi,11.966666666666667,7.509499999999999,19.476166666666664,0.23661706772339786,1
Amansie West,15.016666666666667,0.08766666666666666,15.104333333333335,0.1286042454199442,1
Shama,13.500000000000002,0.007166666666666668,13.507166666666668,0.08914380258002208,1
Kintampo North,11.65,1.6273333333333333,13.277333333333333,0.08346541891350291,1
Savelugu Nanton,4.0,7.578333333333332,11.578333333333333,0.041489027980583564,1
South Dayi,10.966666666666667,0.0555,11.022166666666667,0.027748080703444884,1
Cape Coast Metro,10.633333333333333,0.0005,10.633833333333333,0.018153712361900623,1
Mfantsiman,10.15,0.015500000000000003,10.1655,0.006582821786905186,1
Central Tongu,9.35,0.0855,9.4355,-0.011452943593336809,1
Nkwanta South,9.2,0.13133333333333336,9.331333333333333,-0.014026540251476347,1
Sene West,8.0,0.38316666666666666,8.383166666666666,-0.037452446472525824,1
Asuogyaman,8.233333333333334,0.059833333333333336,8.293166666666668,-0.03967603398515835,1
Pru,4.05,3.462833333333333,7.512833333333333,-0.058955361270613404,1
South Tongu,6.300000000000002,0.12633333333333335,6.426333333333335,-0.08579900385367215,1
Mamprugu Moagduri,2.5,3.902833333333333,6.402833333333334,-0.08637960725974846,1
Twifo Ati-Morkwa,5.8500000000000005,0.009666666666666669,5.8596666666666675,-0.09979936967395132,1
Kumbumgu,1.1,4.662166666666667,5.762166666666667,-0.10220825614596996,1
Atwima Mponua,5.7,0.061166666666666675,5.761166666666667,-0.10223296267388811,1
Amansie Central,5.666666666666666,0.013833333333333331,5.680499999999999,-0.1042259559259514,1
Upper Denkyira West,5.0,0.033,5.033,-0.12022343275294683,1
Upper Manya,3.8,0.2781666666666667,4.078166666666666,-0.14381404916011725,1
Obuasi Municipal,4.0,0.026333333333333337,4.0263333333333335,-0.14509467085720748,1
North Gonja,2.9333333333333336,1.0725,4.005833333333333,-0.14560115467952933,1
Nanumba North,2.25,1.6135000000000002,3.8635,-0.1491177171532112,1
Kwahu South,3.6,0.213,3.813,-0.15036539681307726,1
Ahanta West,3.7,0.011666666666666669,3.711666666666667,-0.15286899164211543,1
Saboba,0.8,2.861666666666667,3.661666666666667,-0.1541043180380224,1
Wassa East,3.6,0.060833333333333336,3.6608333333333336,-0.15412490681128752,1
Atiwa,3.6,0.04766666666666666,3.647666666666667,-0.15445020942887638,1
Sefwi Bibiani / Anhwiaso Bekwai,3.533333333333333,0.02,3.5533333333333332,-0.15678085856248758,1
Builsa North,3.066666666666667,0.12199999999999997,3.1886666666666668,-0.1657905057433025,1
Nkwanta North,2.7,0.4773333333333333,3.1773333333333333,-0.16607051305970807,1
Prestea / Huni Valley,3.033333333333333,0.033666666666666664,3.0669999999999997,-0.1687964666400095,1
Yendi Municipal,2.6,0.4115,3.0115,-0.17016767893946624,1
Tema Metropolis,3.0,0.0015,3.0015,-0.17041474421864763,1
Karaga,0.0,2.8098333333333336,2.8098333333333336,-0.17515016206962442,1
Nzema East,2.533333333333333,0.02,2.5533333333333332,-0.18148738648062726,1
Kasena Nankana East,1.7333333333333334,0.7378333333333333,2.471166666666667,-0.18351743952456773,1
Fanteakwa,2.0,0.3841666666666667,2.3841666666666668,-0.18566690745344588,1
Aowin,2.3,0.0021666666666666666,2.3021666666666665,-0.18769284274273335,1
Bole,1.0499999999999998,1.0226666666666666,2.0726666666666667,-0.1933629908999464,1
Gomoa West,2.05,0.005,2.0549999999999997,-0.19379947289316687,1
Wassa Amenfi Central,2.0,0.02116666666666667,2.021166666666667,-0.1946353770877306,1
North Tongu,1.9,0.08533333333333334,1.9853333333333332,-0.1955206943381306,1
Bosomtwe / Atwima / Kwanwoma,1.7999999999999998,0.0006666666666666666,1.8006666666666664,-0.2000831664936804,1
Tolon,0.0,1.7766666666666666,1.7766666666666666,-0.20067612316371575,1
Wa West,1.5166666666666666,0.13416666666666666,1.6508333333333334,-0.20378502792674835,1
Ningo Prampram,1.6,0.028833333333333336,1.6288333333333334,-0.20432857154094744,1
Chereponi,0.0,1.5941666666666667,1.5941666666666667,-0.20518506450877627,1
Biakoye,1.3,0.25566666666666665,1.5556666666666668,-0.20613626583362463,1
Builsa South,0.4,1.0798333333333334,1.4798333333333336,-0.20800984420075022,1
Wassa Amenfi East,1.4,0.02866666666666667,1.4286666666666665,-0.20927399487922838,1
Shai Osu Doku,1.25,0.12616666666666668,1.3761666666666668,-0.21057108759493073,1
Tamale North Sub Metro,1.0,0.2806666666666667,1.2806666666666666,-0.21293056101111305,1
Wa East,1.1333333333333333,0.1165,1.2498333333333334,-0.21369234562192235,1
Banda,0.8,0.34600000000000003,1.1460000000000001,-0.21625770677075584,1
Adansi South,1.0,0.009333333333333334,1.0093333333333334,-0.21963426558623494,1
Ellembelle,1.0,0.004,1.004,-0.2197660337351317,1
Ejisu Juaben,0.95,0.001,0.951,-0.2210754797147931,1
Garu Tempane,0.45,0.36783333333333335,0.8178333333333334,-0.22436556568255872,1
Binduri,0.4666666666666667,0.3443333333333333,0.8109999999999999,-0.22453439362333266,1
Agona East,0.8,0.0016666666666666663,0.8016666666666667,-0.22476498788390195,1
Asante Akim Central Municipal,0.6833333333333333,0.0016666666666666663,0.685,-0.22764741614101827,1
Wassa Amenfi West,0.6666666666666666,0.012,0.6786666666666666,-0.22780389081783317,1
Birim North,0.65,0.006999999999999999,0.657,-0.2283391989227262,1
Nadowli / Kaleo,0.4,0.2335,0.6335000000000001,-0.22891980232880246,1
Jirapa,0.4,0.2283333333333333,0.6283333333333333,-0.22904745272304616,1
Ga Central Municipal,0.6,0.0,0.6,-0.22974747101406015,1
Nanumba South,0.0,0.5686666666666667,0.5686666666666667,-0.2305216088888285,1
Kpone Katamanso,0.5,0.03233333333333333,0.5323333333333333,-0.2314192794031876,1
Gomoa East,0.5,0.0021666666666666666,0.5021666666666667,-0.23216459299538483,1
Akatsi South,0.45,0.048,0.498,-0.23226753686171042,1
Mion,0.0,0.4828333333333333,0.4828333333333333,-0.2326422525351355,1
Lawra,0.0,0.4671666666666667,0.4671666666666667,-0.23302932147251967,1
Kwaebibirem,0.45,0.0026666666666666666,0.45266666666666666,-0.23338756612733272,1
Tarkwa Nsuaem,0.4,0.03933333333333334,0.43933333333333335,-0.2337169864995746,1
Adenta,0.4,0.011666666666666669,0.4116666666666667,-0.23440053377197645,1
La Nkwantanang Madina,0.4,0.0006666666666666666,0.40066666666666667,-0.234672305579076,1
Lower Manya,0.3833333333333333,0.0105,0.3938333333333333,-0.23484113351984995,1
Bawku West,0.0,0.3230000000000001,0.3230000000000001,-0.23659117924738482,1
Sagnerigu,0.3,0.0051666666666666675,0.30516666666666664,-0.23703177899525835,1
Talensi,0.0,0.2921666666666667,0.2921666666666667,-0.23735296385819415,1
Asante Akim North,0.0,0.22416666666666665,0.22416666666666665,-0.23903300775662764,1
Daffiama Bussie,0.2,0.006,0.20600000000000002,-0.2394818430138072,1
Bongo,0.0,0.18016666666666667,0.18016666666666667,-0.2401200949850258,1
Kasena Nankana West,0.0,0.1635,0.1635,-0.24053187045032812,1
Sissala East,0.0,0.15,0.15,-0.240865408577223,1
Bunkpurugu Yonyo,0.0,0.1495,0.1495,-0.2408777618411821,1
Ketu North,0.0,0.12566666666666668,0.12566666666666668,-0.2414666007565644,1
Nandom,0.0,0.10083333333333334,0.10083333333333334,-0.24208014619986487,1
Zabzugu,0.0,0.08766666666666667,0.08766666666666667,-0.2424054488174537,1
Mamprusi East,0.0,0.08083333333333334,0.08083333333333334,-0.24257427675822768,1
Bolgatanga Municipal,0.0,0.073,0.073,-0.24276781122691976,1
West Gonja,0.0,0.07283333333333332,0.07283333333333332,-0.2427719289815728,1
Tatale,0.0,0.05616666666666666,0.05616666666666666,-0.24318370444687515,1
Bawku Municipal,0.0,0.046500000000000014,0.046500000000000014,-0.24342253421675047,1
North Dayi,0.0,0.04383333333333333,0.04383333333333333,-0.24348841829119883,1
Effutu,0.0,0.04166666666666666,0.04166666666666666,-0.24354194910168817,1
Sawla / Tuna / Kalba,0.0,0.04133333333333333,0.04133333333333333,-0.24355018461099417,1
Gushiegu,0.0,0.04016666666666666,0.04016666666666666,-0.24357900889356537,1
Lambussie Karni,0.0,0.034833333333333334,0.034833333333333334,-0.2437107770424621,1
Sissala  West,0.0,0.027666666666666662,0.027666666666666662,-0.2438878404925421,1
Afadzato South,0.0,0.02633333333333333,0.02633333333333333,-0.2439207825297663,1
Kpando Municipal,0.0,0.02266666666666666,0.02266666666666666,-0.2440113731321328,1
Atebubu Amantin,0.0,0.021,0.021,-0.24405255067866302,1
Pusiga,0.0,0.01683333333333334,0.01683333333333334,-0.24415549454498864,1
Kintampo South,0.0,0.01666666666666667,0.01666666666666667,-0.24415961229964162,1
Kwahu East,0.0,0.0165,0.0165,-0.24416373005429465,1
Wa Municipal,0.0,0.01133333333333333,0.01133333333333333,-0.2442913804485384,1
Denkyembour,0.0,0.010833333333333332,0.010833333333333332,-0.24430373371249745,1
Awutu Senya West,0.0,0.0105,0.0105,-0.24431196922180348,1
Asutifi North,0.0,0.009166666666666668,0.009166666666666668,-0.2443449112590277,1
Assin North,0.0,0.008833333333333334,0.008833333333333334,-0.24435314676833372,0
Yilo Krobo,0.0,0.008666666666666666,0.008666666666666666,-0.24435726452298676,0
Awutu Senya East Municipal,0.0,0.007666666666666667,0.007666666666666667,-0.2443819710509049,0
Adaklu,0.0,0.0061666666666666675,0.0061666666666666675,-0.2444190308427821,0
Akatsi North,0.0,0.005666666666666667,0.005666666666666667,-0.24443138410674117,0
Ga West,0.0,0.005666666666666667,0.005666666666666667,-0.24443138410674117,0
Nabdam,0.0,0.0041666666666666675,0.0041666666666666675,-0.24446844389861838,0
Atwima Nwabiagya,0.0,0.0035,0.0035,-0.24448491491723046,0
Atwima Kwanwoma,0.0,0.0033333333333333327,0.0033333333333333327,-0.2444890326718835,0
Ejura Sekye Dumase,0.0,0.003,0.003,-0.24449726818118955,0
West Akim,0.0,0.0026666666666666666,0.0026666666666666666,-0.2445055036904956,0
Bekwai Municipal,0.0,0.0025,0.0025,-0.24450962144514862,0
Nsawam Adoagyiri,0.0,0.0021666666666666666,0.0021666666666666666,-0.24451785695445463,0
Upper Denkyira East,0.0,0.0021666666666666666,0.0021666666666666666,-0.24451785695445463,0
Bosome Freho,0.0,0.0016666666666666663,0.0016666666666666663,-0.24453021021841373,0
Ahafo Ano South,0.0,0.0015,0.0015,-0.24453432797306676,0
Kwahu West,0.0,0.0015,0.0015,-0.24453432797306676,0
Sekyere Central,0.0,0.0015,0.0015,-0.24453432797306676,0
Akwapem South,0.0,0.0011666666666666663,0.0011666666666666663,-0.24454256348237283,0
Birim Municipal,0.0,0.0011666666666666663,0.0011666666666666663,-0.24454256348237283,0
Ahafo Ano North,0.0,0.001,0.001,-0.24454668123702583,0
Ajumako / Enyan / Esiam,0.0,0.001,0.001,-0.24454668123702583,0
East Akim,0.0,0.001,0.001,-0.24454668123702583,0
Wenchi,0.0,0.0005,0.0005,-0.24455903450098487,0
Nkoranza North,0.0,0.0005,0.0005,-0.24455903450098487,0
New Juaben Municipal,0.0,0.0005,0.0005,-0.24455903450098487,0
Asante Akim South,0.0,0.0005,0.0005,-0.24455903450098487,0
Tain,0.0,0.0005,0.0005,-0.24455903450098487,0
Asutifi South,0.0,0.0005,0.0005,-0.24455903450098487,0
Ayensuano,0.0,0.0005,0.0005,-0.24455903450098487,0
Suhum Municipal,0.0,0.0005,0.0005,-0.24455903450098487,0
Afigya Kwabre,0.0,0.0005,0.0005,-0.24455903450098487,0
Ho Municipal,0.0,0.0005,0.0005,-0.24455903450098487,0
Agotime Ziope,0.0,0.0005,0.0005,-0.24455903450098487,0
Ledzokuku / Krowor,0.0,0.0,0.0,-0.24457138776494397,0
Tano North,0.0,0.0,0.0,-0.24457138776494397,0
Kma,0.0,0.0,0.0,-0.24457138776494397,0
Ga East,0.0,0.0,0.0,-0.24457138776494397,0
Mampong Municipal,0.0,0.0,0.0,-0.24457138776494397,0
Nkoranza South,0.0,0.0,0.0,-0.24457138776494397,0
Juabeso,0.0,0.0,0.0,-0.24457138776494397,0
Mpohor,0.0,0.0,0.0,-0.24457138776494397,0
La Dade Kotopon,0.0,0.0,0.0,-0.24457138776494397,0
Ho West,0.0,0.0,0.0,-0.24457138776494397,0
Hohoe Municipal,0.0,0.0,0.0,-0.24457138776494397,0
Jaman North,0.0,0.0,0.0,-0.24457138776494397,0
Jaman South,0.0,0.0,0.0,-0.24457138776494397,0
Kadjebi,0.0,0.0,0.0,-0.24457138776494397,0
Tano South,0.0,0.0,0.0,-0.24457138776494397,0
Jasikan,0.0,0.0,0.0,-0.24457138776494397,0
Sekondi Takoradi,0.0,0.0,0.0,-0.24457138776494397,0
Techiman Municipal,0.0,0.0,0.0,-0.24457138776494397,0
Birim South,0.0,0.0,0.0,-0.24457138776494397,0
Berekum,0.0,0.0,0.0,-0.24457138776494397,0
Bia East,0.0,0.0,0.0,-0.24457138776494397,0
Asokore Mampong Municipal,0.0,0.0,0.0,-0.24457138776494397,0
Ashaiman,0.0,0.0,0.0,-0.24457138776494397,0
Adansi North,0.0,0.0,0.0,-0.24457138776494397,0
Agona West,0.0,0.0,0.0,-0.24457138776494397,0
Dormaa East,0.0,0.0,0.0,-0.24457138776494397,0
Asunafo South,0.0,0.0,0.0,-0.24457138776494397,0
Bodi,0.0,0.0,0.0,-0.24457138776494397,0
Bia West,0.0,0.0,0.0,-0.24457138776494397,0
Asikuma / Odoben / Brakwa,0.0,0.0,0.0,-0.24457138776494397,0
Kwabre,0.0,0.0,0.0,-0.24457138776494397,0
Akyem Mansa,0.0,0.0,0.0,-0.24457138776494397,0
Akwapem North,0.0,0.0,0.0,-0.24457138776494397,0
Dormaa West,0.0,0.0,0.0,-0.24457138776494397,0
Asunafo North,0.0,0.0,0.0,-0.24457138776494397,0
Techiman North,0.0,0.0,0.0,-0.24457138776494397,0
Offinso North,0.0,0.0,0.0,-0.24457138776494397,0
Twifo Lower Denkyira,0.0,0.0,0.0,-0.24457138776494397,0
Upper West Akim,0.0,0.0,0.0,-0.24457138776494397,0
Sunyani West,0.0,0.0,0.0,-0.24457138776494397,0
Sunyani Municipal,0.0,0.0,0.0,-0.24457138776494397,0
Suaman,0.0,0.0,0.0,-0.24457138776494397,0
Offinso Municipal,0.0,0.0,0.0,-0.24457138776494397,0
Sefwi Akontombra,0.0,0.0,0.0,-0.24457138776494397,0
Assin South,0.0,0.0,0.0,-0.24457138776494397,0
Sefwi-Wiawso,0.0,0.0,0.0,-0.24457138776494397,0
Sekyere Afram Plains North,0.0,0.0,0.0,-0.24457138776494397,0
Sekyere East,0.0,0.0,0.0,-0.24457138776494397,0
Sekyere Kumawu,0.0,0.0,0.0,-0.24457138776494397,0
Sekyere South,0.0,0.0,0.0,-0.24457138776494397,0
Dormaa Municipal,0.0,0.0,0.0,-0.24457138776494397,0
Abura / Asebu / Kwamankese,0.0,0.0,0.0,-0.24457138776494397,0
